-- phpMyAdmin SQL Dump
-- version 4.5.4.1deb2ubuntu2
-- http://www.phpmyadmin.net
--
-- Хост: localhost
-- Время создания: Июл 31 2018 г., 08:18
-- Версия сервера: 5.7.23-0ubuntu0.16.04.1
-- Версия PHP: 7.0.31-1+ubuntu16.04.1+deb.sury.org+1

SET SQL_MODE = "NO_AUTO_VALUE_ON_ZERO";
SET time_zone = "+00:00";


/*!40101 SET @OLD_CHARACTER_SET_CLIENT=@@CHARACTER_SET_CLIENT */;
/*!40101 SET @OLD_CHARACTER_SET_RESULTS=@@CHARACTER_SET_RESULTS */;
/*!40101 SET @OLD_COLLATION_CONNECTION=@@COLLATION_CONNECTION */;
/*!40101 SET NAMES utf8mb4 */;

--
-- База данных: `shop2`
--

-- --------------------------------------------------------

--
-- Структура таблицы `attribute_group`
--

CREATE TABLE `attribute_group` (
  `id` int(10) UNSIGNED NOT NULL,
  `title` varchar(255) NOT NULL
) ENGINE=InnoDB DEFAULT CHARSET=utf8;

--
-- Дамп данных таблицы `attribute_group`
--

INSERT INTO `attribute_group` (`id`, `title`) VALUES
(1, 'Механизм'),
(2, 'Стекло'),
(3, 'Ремешок'),
(4, 'Корпус'),
(5, 'Индикация'),
(6, 'Test group');

-- --------------------------------------------------------

--
-- Структура таблицы `attribute_product`
--

CREATE TABLE `attribute_product` (
  `attr_id` int(10) UNSIGNED NOT NULL,
  `product_id` int(11) UNSIGNED NOT NULL
) ENGINE=InnoDB DEFAULT CHARSET=utf8;

--
-- Дамп данных таблицы `attribute_product`
--

INSERT INTO `attribute_product` (`attr_id`, `product_id`) VALUES
(1, 1),
(5, 1),
(8, 1),
(12, 1),
(18, 1),
(1, 2),
(5, 2),
(8, 2),
(12, 2),
(18, 2),
(1, 3),
(5, 3),
(8, 3),
(12, 3),
(19, 3),
(2, 4),
(5, 4),
(8, 4),
(12, 4),
(18, 4),
(1, 41),
(5, 41),
(8, 41);

-- --------------------------------------------------------

--
-- Структура таблицы `attribute_value`
--

CREATE TABLE `attribute_value` (
  `id` int(10) UNSIGNED NOT NULL,
  `value` varchar(255) NOT NULL,
  `attr_group_id` int(10) UNSIGNED NOT NULL
) ENGINE=InnoDB DEFAULT CHARSET=utf8;

--
-- Дамп данных таблицы `attribute_value`
--

INSERT INTO `attribute_value` (`id`, `value`, `attr_group_id`) VALUES
(1, 'Механика с автоподзаводом', 1),
(2, 'Механика с ручным заводом', 1),
(3, 'Кварцевый от батарейки', 1),
(4, 'Кварцевый от солнечного аккумулятора', 1),
(5, 'Сапфировое', 2),
(6, 'Минеральное', 2),
(7, 'Полимерное', 2),
(8, 'Стальной', 3),
(9, 'Кожаный', 3),
(10, 'Каучуковый', 3),
(11, 'Полимерный', 3),
(12, 'Нержавеющая сталь', 4),
(13, 'Титановый сплав', 4),
(14, 'Латунь', 4),
(15, 'Полимер', 4),
(16, 'Керамика', 4),
(17, 'Алюминий', 4),
(18, 'Аналоговые', 5),
(19, 'Цифровые', 5);

-- --------------------------------------------------------

--
-- Структура таблицы `brand`
--

CREATE TABLE `brand` (
  `id` int(10) UNSIGNED NOT NULL,
  `title` varchar(255) NOT NULL,
  `alias` varchar(255) NOT NULL,
  `img` varchar(255) NOT NULL DEFAULT 'brand_no_image.jpg',
  `description` varchar(255) DEFAULT NULL
) ENGINE=InnoDB DEFAULT CHARSET=utf8;

--
-- Дамп данных таблицы `brand`
--

INSERT INTO `brand` (`id`, `title`, `alias`, `img`, `description`) VALUES
(1, 'Casio', 'casio', 'abt-1.jpg', 'In sit amet sapien eros Integer dolore magna aliqua'),
(2, 'Citizen', 'citizen', 'abt-2.jpg', 'In sit amet sapien eros Integer dolore magna aliqua'),
(3, 'Royal London', 'royal-london', 'abt-3.jpg', 'In sit amet sapien eros Integer dolore magna aliqua'),
(4, 'Seiko', 'seiko', 'seiko.png', NULL),
(5, 'Diesel', 'diesel', 'diesel.png', NULL);

-- --------------------------------------------------------

--
-- Структура таблицы `category`
--

CREATE TABLE `category` (
  `id` int(10) UNSIGNED NOT NULL,
  `title` varchar(255) NOT NULL,
  `alias` varchar(255) NOT NULL,
  `parent_id` tinyint(3) UNSIGNED NOT NULL DEFAULT '0',
  `keywords` varchar(255) DEFAULT NULL,
  `description` varchar(255) DEFAULT NULL
) ENGINE=InnoDB DEFAULT CHARSET=utf8;

--
-- Дамп данных таблицы `category`
--

INSERT INTO `category` (`id`, `title`, `alias`, `parent_id`, `keywords`, `description`) VALUES
(1, 'Men', 'men', 0, 'Men', 'Men'),
(2, 'Women', 'women', 0, 'Women', 'Women'),
(3, 'Kids', 'kids', 0, 'Kids', 'Kids'),
(4, 'Электронные', 'elektronnye', 1, 'Электронные', 'Электронные'),
(5, 'Механические', 'mehanicheskie', 1, 'mehanicheskie', 'mehanicheskie'),
(6, 'Casio', 'casio', 4, 'Casio', 'Casio'),
(7, 'Citizen', 'citizen', 4, 'Citizen', 'Citizen'),
(8, 'Royal London', 'royal-london', 5, 'Royal London', 'Royal London'),
(9, 'Seiko', 'seiko', 5, 'Seiko', 'Seiko'),
(10, 'Epos', 'epos', 5, 'Epos', 'Epos'),
(11, 'Электронные', 'elektronnye-11', 2, 'Электронные', 'Электронные'),
(12, 'Механические', 'mehanicheskie-12', 2, 'Механические', 'Механические'),
(13, 'Adriatica', 'adriatica', 11, 'Adriatica', 'Adriatica'),
(14, 'Adriat', 'adriat', 12, 'Adriat', 'Adriat'),
(15, 'test', 'test', 0, 'test', 'test'),
(17, 'тестовая категория 2', 'testovaya-kategoriya-2', 15, 'слова', 'описания');

-- --------------------------------------------------------

--
-- Структура таблицы `currency`
--

CREATE TABLE `currency` (
  `id` int(10) UNSIGNED NOT NULL,
  `title` varchar(50) NOT NULL,
  `code` varchar(3) NOT NULL,
  `symbol_left` varchar(10) NOT NULL,
  `symbol_right` varchar(10) NOT NULL,
  `value` float(15,2) NOT NULL,
  `base` enum('0','1') NOT NULL
) ENGINE=InnoDB DEFAULT CHARSET=utf8;

--
-- Дамп данных таблицы `currency`
--

INSERT INTO `currency` (`id`, `title`, `code`, `symbol_left`, `symbol_right`, `value`, `base`) VALUES
(1, 'гривна', 'UAH', '', 'грн.', 25.80, '0'),
(2, 'доллар', 'USD', '$', '', 1.00, '1'),
(3, 'Евро', 'EUR', '€', '', 0.88, '0');

-- --------------------------------------------------------

--
-- Структура таблицы `gallery`
--

CREATE TABLE `gallery` (
  `id` int(10) UNSIGNED NOT NULL,
  `product_id` int(10) UNSIGNED NOT NULL,
  `img` varchar(255) NOT NULL
) ENGINE=InnoDB DEFAULT CHARSET=utf8;

--
-- Дамп данных таблицы `gallery`
--

INSERT INTO `gallery` (`id`, `product_id`, `img`) VALUES
(1, 2, 's-1.jpg'),
(2, 2, 's-2.jpg'),
(3, 2, 's-3.jpg'),
(4, 41, 'st-1.jpg'),
(5, 41, 'st-2.jpg'),
(8, 41, '4ecc270982305034c1cb905e39600840.jpg');

-- --------------------------------------------------------

--
-- Структура таблицы `modification`
--

CREATE TABLE `modification` (
  `id` int(10) UNSIGNED NOT NULL,
  `product_id` int(10) UNSIGNED NOT NULL,
  `title` varchar(255) NOT NULL,
  `price` float NOT NULL DEFAULT '0'
) ENGINE=InnoDB DEFAULT CHARSET=utf8;

--
-- Дамп данных таблицы `modification`
--

INSERT INTO `modification` (`id`, `product_id`, `title`, `price`) VALUES
(1, 1, 'Silver', 300),
(2, 1, 'Black', 300),
(3, 1, 'Dark Black', 305),
(4, 1, 'Red', 310),
(83, 41, 'red', 25),
(84, 41, 'black', 30),
(91, 2, 'Silver', 80),
(92, 2, 'Red', 70);

-- --------------------------------------------------------

--
-- Структура таблицы `order`
--

CREATE TABLE `order` (
  `id` int(10) UNSIGNED NOT NULL,
  `user_id` int(10) UNSIGNED NOT NULL,
  `status` enum('0','1','2') NOT NULL DEFAULT '0',
  `date` timestamp NOT NULL DEFAULT CURRENT_TIMESTAMP,
  `update_at` timestamp NULL DEFAULT NULL,
  `currency` varchar(10) NOT NULL,
  `note` text,
  `sum` float DEFAULT NULL
) ENGINE=InnoDB DEFAULT CHARSET=utf8;

--
-- Дамп данных таблицы `order`
--

INSERT INTO `order` (`id`, `user_id`, `status`, `date`, `update_at`, `currency`, `note`, `sum`) VALUES
(6, 1, '0', '2018-06-11 18:04:12', '2018-07-20 08:09:03', 'EUR', 'Note', NULL),
(9, 1, '2', '2018-06-15 12:57:40', '2018-06-15 14:58:02', 'UAH', 'Note', NULL),
(11, 1, '1', '2018-06-15 13:09:23', '2018-07-20 08:09:14', 'EUR', 'note', 200);

-- --------------------------------------------------------

--
-- Структура таблицы `order_product`
--

CREATE TABLE `order_product` (
  `id` int(10) UNSIGNED NOT NULL,
  `order_id` int(10) UNSIGNED NOT NULL,
  `product_id` int(10) UNSIGNED NOT NULL,
  `qty` int(11) NOT NULL,
  `title` varchar(255) NOT NULL,
  `price` float NOT NULL
) ENGINE=InnoDB DEFAULT CHARSET=utf8;

--
-- Дамп данных таблицы `order_product`
--

INSERT INTO `order_product` (`id`, `order_id`, `product_id`, `qty`, `title`, `price`) VALUES
(8, 6, 2, 3, 'Casio MQ-24-7BUL (Red)', 61.6),
(9, 6, 3, 1, 'Casio GA-1000-1AER', 352),
(10, 6, 2, 1, 'Casio MQ-24-7BUL', 61.6),
(11, 6, 5, 1, 'Citizen BJ2111-08E', 440),
(19, 9, 2, 1, 'Casio MQ-24-7BUL', 1806),
(20, 9, 5, 1, 'Citizen BJ2111-08E', 12900),
(21, 9, 8, 1, 'Royal London 41040-01', 2322),
(25, 11, 10, 1, 'Royal London 41156-02', 88),
(26, 11, 8, 1, 'Royal London 41040-01', 79.2);

-- --------------------------------------------------------

--
-- Структура таблицы `product`
--

CREATE TABLE `product` (
  `id` int(10) UNSIGNED NOT NULL,
  `category_id` int(10) UNSIGNED NOT NULL,
  `brand_id` int(10) UNSIGNED NOT NULL,
  `title` varchar(255) NOT NULL,
  `alias` varchar(255) NOT NULL,
  `content` text,
  `price` float NOT NULL DEFAULT '0',
  `old_price` float DEFAULT NULL,
  `status` enum('0','1') NOT NULL DEFAULT '1',
  `keywords` varchar(255) DEFAULT NULL,
  `description` varchar(255) DEFAULT NULL,
  `img` varchar(255) NOT NULL DEFAULT 'no_image.jpg',
  `hit` enum('0','1') NOT NULL DEFAULT '0'
) ENGINE=InnoDB DEFAULT CHARSET=utf8;

--
-- Дамп данных таблицы `product`
--

INSERT INTO `product` (`id`, `category_id`, `brand_id`, `title`, `alias`, `content`, `price`, `old_price`, `status`, `keywords`, `description`, `img`, `hit`) VALUES
(1, 6, 1, 'Casio MRP-700-1AVEF', 'casio-mrp-700-1avef', NULL, 300, 0, '1', NULL, NULL, 'p-1.png', '0'),
(2, 6, 1, 'Casio MQ-24-7BUL', 'casio-mq-24-7bul', '<p>Lorem ipsum dolor sit amet, consectetur adipiscing elit. Nam tristique, diam in consequat iaculis, est purus iaculis mauris, imperdiet facilisis ante ligula at nulla. Quisque volutpat nulla risus, id maximus ex aliquet ut. Suspendisse potenti. Nulla varius lectus id turpis dignissim porta. Quisque magna arcu, blandit quis felis vehicula, feugiat gravida diam. Nullam nec turpis ligula. Aliquam quis blandit elit, ac sodales nisl. Aliquam eget dolor eget elit malesuada aliquet. In varius lorem lorem, semper bibendum lectus lobortis ac.</p>\r\n\r\n<p>Mauris placerat vitae lorem gravida viverra. Mauris in fringilla ex. Nulla facilisi. Etiam scelerisque tincidunt quam facilisis lobortis. In malesuada pulvinar neque a consectetur. Nunc aliquam gravida purus, non malesuada sem accumsan in. Morbi vel sodales libero.</p>\r\n', 70, 80, '1', '', '', 'p-2.png', '1'),
(3, 6, 1, 'Casio GA-1000-1AER', 'casio-ga-1000-1aer', NULL, 400, 0, '1', NULL, NULL, 'p-3.png', '1'),
(4, 6, 2, 'Citizen JP1010-00E', 'citizen-jp1010-00e', NULL, 400, 0, '1', NULL, NULL, 'p-4.png', '1'),
(5, 7, 2, 'Citizen BJ2111-08E', 'citizen-bj2111-08e', NULL, 500, 0, '1', NULL, NULL, 'p-5.png', '1'),
(6, 7, 2, 'Citizen AT0696-59E', 'citizen-at0696-59e', NULL, 350, 355, '1', NULL, NULL, 'p-6.png', '1'),
(7, 6, 3, 'Q&Q Q956J302Y', 'q-and-q-q956j302y', NULL, 20, 0, '1', NULL, NULL, 'p-7.png', '1'),
(8, 6, 4, 'Royal London 41040-01', 'royal-london-41040-01', NULL, 90, 0, '1', NULL, NULL, 'p-8.png', '1'),
(9, 6, 4, 'Royal London 20034-02', 'royal-london-20034-02', NULL, 110, 0, '1', NULL, NULL, 'no_image.jpg', '0'),
(10, 6, 4, 'Royal London 41156-02', 'royal-london-41156-02', '<p>Lorem ipsum dolor sit amet, consectetur adipiscing elit. Nam tristique, diam in consequat iaculis, est purus iaculis mauris, imperdiet facilisis ante ligula at nulla. Quisque volutpat nulla risus, id maximus ex aliquet ut. Suspendisse potenti. Nulla varius lectus id turpis dignissim porta. Quisque magna arcu, blandit quis felis vehicula, feugiat gravida diam. Nullam nec turpis ligula. Aliquam quis blandit elit, ac sodales nisl. Aliquam eget dolor eget elit malesuada aliquet. In varius lorem lorem, semper bibendum lectus lobortis ac.</p>\n\n                                            <p>Mauris placerat vitae lorem gravida viverra. Mauris in fringilla ex. Nulla facilisi. Etiam scelerisque tincidunt quam facilisis lobortis. In malesuada pulvinar neque a consectetur. Nunc aliquam gravida purus, non malesuada sem accumsan in. Morbi vel sodales libero.</p>', 100, 0, '1', NULL, NULL, 'no_image.jpg', '1'),
(11, 3, 2, 'Тестовый товар', 'testovyy-tovar', 'контент...', 10, 0, '1', NULL, NULL, 'no_image.jpg', '0'),
(12, 7, 2, 'Часы 1', 'chasy-1', NULL, 100, 0, '1', NULL, NULL, 'no_image.jpg', '0'),
(13, 7, 2, 'Часы 2', 'chasy-2', NULL, 105, 0, '1', NULL, NULL, 'no_image.jpg', '0'),
(14, 7, 2, 'Часы 3', 'chasy-3', NULL, 110, 0, '1', NULL, NULL, 'no_image.jpg', '0'),
(15, 7, 2, 'Часы 4', 'chasy-4', NULL, 115, 0, '1', NULL, NULL, 'no_image.jpg', '0'),
(16, 7, 2, 'Часы 5', 'chasy-5', NULL, 115, 0, '1', NULL, NULL, 'no_image.jpg', '0'),
(17, 7, 2, 'Часы 6', 'chasy-6', NULL, 120, 0, '1', NULL, NULL, 'no_image.jpg', '0'),
(20, 7, 2, 'Часы 7', 'chasy-7', NULL, 120, 0, '1', NULL, NULL, 'no_image.jpg', '0'),
(21, 7, 2, 'Часы 8', 'chasy-8', NULL, 120, 0, '1', NULL, NULL, 'no_image.jpg', '0'),
(22, 7, 2, 'Часы 9', 'chasy-9', NULL, 125, 0, '1', NULL, NULL, 'no_image.jpg', '0'),
(23, 7, 2, 'Часы 10', 'chasy-10', NULL, 125, 0, '1', NULL, NULL, 'no_image.jpg', '0'),
(24, 7, 2, 'Часы 11', 'chasy-11', NULL, 125, 0, '1', NULL, NULL, 'no_image.jpg', '0'),
(25, 7, 2, 'Часы 12', 'chasy-12', NULL, 125, 0, '1', NULL, NULL, 'no_image.jpg', '0'),
(26, 7, 2, 'Часы 13', 'chasy-13', NULL, 125, 0, '1', NULL, NULL, 'no_image.jpg', '0'),
(27, 7, 2, 'Часы 14', 'chasy-14', NULL, 125, 0, '1', NULL, NULL, 'no_image.jpg', '0'),
(28, 7, 2, 'Часы 15', 'chasy-15', NULL, 125, 0, '1', NULL, NULL, 'no_image.jpg', '0'),
(29, 7, 2, 'Часы 16', 'chasy-16', NULL, 125, 0, '1', NULL, NULL, 'no_image.jpg', '0'),
(30, 7, 2, 'Часы 17', 'chasy-17', NULL, 125, 0, '1', NULL, NULL, 'no_image.jpg', '0'),
(31, 7, 2, 'Часы 18', 'chasy-18', NULL, 125, 0, '1', NULL, NULL, 'no_image.jpg', '0'),
(32, 7, 2, 'Часы 19', 'chasy-19', NULL, 125, 0, '1', NULL, NULL, 'no_image.jpg', '0'),
(33, 7, 2, 'Часы 20', 'chasy-20', NULL, 125, 0, '1', NULL, NULL, 'no_image.jpg', '0'),
(40, 3, 2, 'Test product 1', 'test-product-1', '<p><strong>Test</strong> product 1</p>\r\n', 578, 0, '1', 'Test product 1', 'Test product 1', 'no_image.jpg', '0'),
(41, 17, 3, 'New Test Product 3', 'new-test-product-3', '<p><strong>New </strong>Product 3 content</p>\r\n', 55.41, 60.2, '1', 'New Product 3qq', 'New Product 3qq', 'bb1fd90887c4bf0426d90794c9f12ecd.jpg', '0');

-- --------------------------------------------------------

--
-- Структура таблицы `related_product`
--

CREATE TABLE `related_product` (
  `product_id` int(10) UNSIGNED NOT NULL,
  `related_id` int(10) UNSIGNED NOT NULL
) ENGINE=InnoDB DEFAULT CHARSET=utf8;

--
-- Дамп данных таблицы `related_product`
--

INSERT INTO `related_product` (`product_id`, `related_id`) VALUES
(1, 2),
(1, 5),
(2, 5),
(2, 10),
(5, 1),
(5, 7),
(5, 8),
(41, 3),
(41, 5),
(41, 6);

-- --------------------------------------------------------

--
-- Структура таблицы `user`
--

CREATE TABLE `user` (
  `id` int(10) UNSIGNED NOT NULL,
  `login` varchar(255) NOT NULL,
  `password` varchar(255) NOT NULL,
  `email` varchar(255) NOT NULL,
  `name` varchar(255) NOT NULL,
  `address` varchar(255) NOT NULL,
  `role` enum('user','admin') NOT NULL DEFAULT 'user'
) ENGINE=InnoDB DEFAULT CHARSET=utf8;

--
-- Дамп данных таблицы `user`
--

INSERT INTO `user` (`id`, `login`, `password`, `email`, `name`, `address`, `role`) VALUES
(1, 'user', '$2y$10$BektOfiLdUdWvB0a3FWdDOnUb3A9wBg/k5byiKP33plhzr3lU8gUW', 'dimaoag@gmail.com', 'Dmytro', 'Address 1', 'admin'),
(2, 'user1', '$2y$10$vMFfj/7r76MY3fUrsBSMx.9IaAmYEMfUQ12Q9dIwOJBziiAkMmBSm', '1dimaoag@gmail.com', 'Dmytro1', 'Address 1', 'user'),
(3, 'user2', '$2y$10$/9rIaSZPq1Xexe2Qx/YPHOSJ0qIOGdC.tWRZ7DKpRnUHuj7WocCDe', '2dimaoag@gmail.com', 'Dmytro2', 'Address 2', 'user');

--
-- Индексы сохранённых таблиц
--

--
-- Индексы таблицы `attribute_group`
--
ALTER TABLE `attribute_group`
  ADD PRIMARY KEY (`id`);

--
-- Индексы таблицы `attribute_product`
--
ALTER TABLE `attribute_product`
  ADD PRIMARY KEY (`attr_id`,`product_id`),
  ADD KEY `product_id` (`product_id`);

--
-- Индексы таблицы `attribute_value`
--
ALTER TABLE `attribute_value`
  ADD PRIMARY KEY (`id`),
  ADD UNIQUE KEY `value` (`value`),
  ADD KEY `attr_group_id` (`attr_group_id`);

--
-- Индексы таблицы `brand`
--
ALTER TABLE `brand`
  ADD PRIMARY KEY (`id`),
  ADD UNIQUE KEY `alias` (`alias`);

--
-- Индексы таблицы `category`
--
ALTER TABLE `category`
  ADD PRIMARY KEY (`id`),
  ADD UNIQUE KEY `alias` (`alias`);

--
-- Индексы таблицы `currency`
--
ALTER TABLE `currency`
  ADD PRIMARY KEY (`id`);

--
-- Индексы таблицы `gallery`
--
ALTER TABLE `gallery`
  ADD PRIMARY KEY (`id`),
  ADD KEY `product_id` (`product_id`);

--
-- Индексы таблицы `modification`
--
ALTER TABLE `modification`
  ADD PRIMARY KEY (`id`),
  ADD KEY `product_id` (`product_id`);

--
-- Индексы таблицы `order`
--
ALTER TABLE `order`
  ADD PRIMARY KEY (`id`),
  ADD KEY `user_id` (`user_id`);

--
-- Индексы таблицы `order_product`
--
ALTER TABLE `order_product`
  ADD PRIMARY KEY (`id`),
  ADD KEY `order_id` (`order_id`);

--
-- Индексы таблицы `product`
--
ALTER TABLE `product`
  ADD PRIMARY KEY (`id`),
  ADD UNIQUE KEY `alias` (`alias`),
  ADD KEY `category_id` (`category_id`,`brand_id`),
  ADD KEY `brand_id` (`brand_id`);

--
-- Индексы таблицы `related_product`
--
ALTER TABLE `related_product`
  ADD PRIMARY KEY (`product_id`,`related_id`);

--
-- Индексы таблицы `user`
--
ALTER TABLE `user`
  ADD PRIMARY KEY (`id`),
  ADD UNIQUE KEY `login` (`login`),
  ADD UNIQUE KEY `email` (`email`);

--
-- AUTO_INCREMENT для сохранённых таблиц
--

--
-- AUTO_INCREMENT для таблицы `attribute_group`
--
ALTER TABLE `attribute_group`
  MODIFY `id` int(10) UNSIGNED NOT NULL AUTO_INCREMENT, AUTO_INCREMENT=7;
--
-- AUTO_INCREMENT для таблицы `attribute_value`
--
ALTER TABLE `attribute_value`
  MODIFY `id` int(10) UNSIGNED NOT NULL AUTO_INCREMENT, AUTO_INCREMENT=20;
--
-- AUTO_INCREMENT для таблицы `brand`
--
ALTER TABLE `brand`
  MODIFY `id` int(10) UNSIGNED NOT NULL AUTO_INCREMENT, AUTO_INCREMENT=6;
--
-- AUTO_INCREMENT для таблицы `category`
--
ALTER TABLE `category`
  MODIFY `id` int(10) UNSIGNED NOT NULL AUTO_INCREMENT, AUTO_INCREMENT=18;
--
-- AUTO_INCREMENT для таблицы `currency`
--
ALTER TABLE `currency`
  MODIFY `id` int(10) UNSIGNED NOT NULL AUTO_INCREMENT, AUTO_INCREMENT=4;
--
-- AUTO_INCREMENT для таблицы `gallery`
--
ALTER TABLE `gallery`
  MODIFY `id` int(10) UNSIGNED NOT NULL AUTO_INCREMENT, AUTO_INCREMENT=9;
--
-- AUTO_INCREMENT для таблицы `modification`
--
ALTER TABLE `modification`
  MODIFY `id` int(10) UNSIGNED NOT NULL AUTO_INCREMENT, AUTO_INCREMENT=93;
--
-- AUTO_INCREMENT для таблицы `order`
--
ALTER TABLE `order`
  MODIFY `id` int(10) UNSIGNED NOT NULL AUTO_INCREMENT, AUTO_INCREMENT=12;
--
-- AUTO_INCREMENT для таблицы `order_product`
--
ALTER TABLE `order_product`
  MODIFY `id` int(10) UNSIGNED NOT NULL AUTO_INCREMENT, AUTO_INCREMENT=27;
--
-- AUTO_INCREMENT для таблицы `product`
--
ALTER TABLE `product`
  MODIFY `id` int(10) UNSIGNED NOT NULL AUTO_INCREMENT, AUTO_INCREMENT=42;
--
-- AUTO_INCREMENT для таблицы `user`
--
ALTER TABLE `user`
  MODIFY `id` int(10) UNSIGNED NOT NULL AUTO_INCREMENT, AUTO_INCREMENT=4;
--
-- Ограничения внешнего ключа сохраненных таблиц
--

--
-- Ограничения внешнего ключа таблицы `attribute_product`
--
ALTER TABLE `attribute_product`
  ADD CONSTRAINT `attribute_product_ibfk_1` FOREIGN KEY (`product_id`) REFERENCES `product` (`id`) ON DELETE CASCADE ON UPDATE CASCADE,
  ADD CONSTRAINT `attribute_product_ibfk_2` FOREIGN KEY (`attr_id`) REFERENCES `attribute_value` (`id`) ON DELETE CASCADE ON UPDATE CASCADE;

--
-- Ограничения внешнего ключа таблицы `attribute_value`
--
ALTER TABLE `attribute_value`
  ADD CONSTRAINT `attribute_value_ibfk_1` FOREIGN KEY (`attr_group_id`) REFERENCES `attribute_group` (`id`) ON DELETE CASCADE ON UPDATE CASCADE;

--
-- Ограничения внешнего ключа таблицы `gallery`
--
ALTER TABLE `gallery`
  ADD CONSTRAINT `gallery_ibfk_1` FOREIGN KEY (`product_id`) REFERENCES `product` (`id`) ON DELETE CASCADE ON UPDATE CASCADE;

--
-- Ограничения внешнего ключа таблицы `modification`
--
ALTER TABLE `modification`
  ADD CONSTRAINT `modification_ibfk_1` FOREIGN KEY (`product_id`) REFERENCES `product` (`id`) ON DELETE CASCADE ON UPDATE CASCADE;

--
-- Ограничения внешнего ключа таблицы `order`
--
ALTER TABLE `order`
  ADD CONSTRAINT `order_ibfk_1` FOREIGN KEY (`user_id`) REFERENCES `user` (`id`) ON DELETE CASCADE ON UPDATE CASCADE;

--
-- Ограничения внешнего ключа таблицы `order_product`
--
ALTER TABLE `order_product`
  ADD CONSTRAINT `order_product_ibfk_1` FOREIGN KEY (`order_id`) REFERENCES `order` (`id`) ON DELETE CASCADE ON UPDATE CASCADE;

--
-- Ограничения внешнего ключа таблицы `product`
--
ALTER TABLE `product`
  ADD CONSTRAINT `product_ibfk_1` FOREIGN KEY (`brand_id`) REFERENCES `brand` (`id`),
  ADD CONSTRAINT `product_ibfk_2` FOREIGN KEY (`category_id`) REFERENCES `category` (`id`) ON DELETE CASCADE ON UPDATE CASCADE;

--
-- Ограничения внешнего ключа таблицы `related_product`
--
ALTER TABLE `related_product`
  ADD CONSTRAINT `related_product_ibfk_1` FOREIGN KEY (`product_id`) REFERENCES `product` (`id`) ON DELETE CASCADE ON UPDATE CASCADE;

/*!40101 SET CHARACTER_SET_CLIENT=@OLD_CHARACTER_SET_CLIENT */;
/*!40101 SET CHARACTER_SET_RESULTS=@OLD_CHARACTER_SET_RESULTS */;
/*!40101 SET COLLATION_CONNECTION=@OLD_COLLATION_CONNECTION */;
